Metrics,RF,XGB
CV,0.7543324268448991,0.7543324268448991
Precission,0.828,0.8461538461538461
Recall,0.7554744525547445,0.7627737226277372
F1,0.7900763358778626,0.8023032629558541
