Metrics,RF,XGB
CV,0.7869048799059752,0.7778848818917549
Precission,0.8577586206896551,0.8523206751054853
Recall,0.7262773722627737,0.7372262773722628
F1,0.7865612648221343,0.7906066536203522
