Metrics,RF,XGB
CV,0.9691935998553445,0.9604096470958693
Precission,0.8721461187214612,0.831275720164609
Recall,0.6970802919708029,0.7372262773722628
F1,0.7748478701825557,0.7814313346228241
