Metrics,RF,XGB
CV,0.8809024949120765,0.8769208046786506
Precission,0.8389830508474576,0.825531914893617
Recall,0.7226277372262774,0.708029197080292
F1,0.7764705882352941,0.7622789783889979
