Metrics,RF,XGB
CV,0.8311807586775235,0.8336508644863049
Precission,0.867579908675799,0.8471615720524017
Recall,0.6934306569343066,0.708029197080292
F1,0.7707910750507099,0.7713717693836979
