Metrics,RF,XGB
CV,0.8920748201431868,0.8803137392283087
Precission,0.8396624472573839,0.8451882845188284
Recall,0.7262773722627737,0.7372262773722628
F1,0.7788649706457924,0.7875243664717348
