Metrics,RF,XGB
CV,0.7925237437379758,0.7872247405777638
Precission,0.8552631578947368,0.8596491228070176
Recall,0.7116788321167883,0.7153284671532847
F1,0.7768924302788844,0.7808764940239044
