Metrics,RF,XGB
CV,0.9302726212476914,0.9178460492541914
Precission,0.8278688524590164,0.8163265306122449
Recall,0.7372262773722628,0.7299270072992701
F1,0.7799227799227799,0.7707129094412332
