Metrics,RF,XGB
CV,0.9365612382683681,0.9210627416710467
Precission,0.8347107438016529,0.8163265306122449
Recall,0.7372262773722628,0.7299270072992701
F1,0.7829457364341086,0.7707129094412332
