Metrics,RF,XGB
CV,0.9276863812760142,0.9235235147867085
Precission,0.8636363636363636,0.8541666666666666
Recall,0.6934306569343066,0.7481751824817519
F1,0.7692307692307693,0.7976653696498055
