Metrics,RF,XGB
CV,0.7021602695664533,0.6859246227829721
Precission,0.7062937062937062,0.7010309278350515
Recall,0.7372262773722628,0.7445255474452555
F1,0.7214285714285714,0.7221238938053097
