Metrics,RF,XGB
CV,0.8355155490995424,0.8370969135464327
Precission,0.6304985337243402,0.5432692307692307
Recall,0.7846715328467153,0.8248175182481752
F1,0.6991869918699186,0.655072463768116
