Metrics,RF,XGB
CV,0.8816477675590443,0.8873516163351285
Precission,0.46285714285714286,0.3667621776504298
Recall,0.8868613138686131,0.9343065693430657
F1,0.6082603254067585,0.5267489711934157
