Metrics,RF,XGB
CV,0.8232422524118187,0.80841608431412
Precission,0.672566371681416,0.6434540389972145
Recall,0.8321167883211679,0.843065693430657
F1,0.7438825448613378,0.7298578199052133
