Metrics,RF,XGB
CV,0.7550184699286934,0.739177502203319
Precission,0.48068669527896996,0.4847161572052402
Recall,0.8175182481751825,0.8102189781021898
F1,0.6054054054054053,0.6065573770491804
