Metrics,RF,XGB
CV,0.823155275366134,0.8183065973785089
Precission,0.37538940809968846,0.36702954898911355
Recall,0.8795620437956204,0.8613138686131386
F1,0.5262008733624454,0.514721919302072
