Metrics,RF,XGB
CV,0.7862249125824171,0.7738695147696715
Precission,0.7551724137931034,0.7281879194630873
Recall,0.7992700729927007,0.791970802919708
F1,0.7765957446808511,0.7587412587412588
