Metrics,RF,XGB
CV,0.7693404823036383,0.7681518634309841
Precission,0.8097165991902834,0.7732342007434945
Recall,0.7299270072992701,0.7591240875912408
F1,0.7677543186180421,0.7661141804788214
