Metrics,RF,XGB
CV,0.7543030157206807,0.7613483358316532
Precission,0.8340248962655602,0.8207171314741036
Recall,0.7335766423357665,0.7518248175182481
F1,0.7805825242718447,0.7847619047619048
